Tempo,Temperatura,Amostra,setpoint,duty,y_controller,pwm
2.61,21.02,0,70.0,7,5.31,19
3.62,20.53,1,70.0,7,5.94,19
4.61,20.53,2,70.0,8,6.52,22
5.62,20.53,3,70.0,9,7.1,24
6.63,20.53,4,70.0,9,7.67,24
7.62,20.53,5,70.0,10,8.25,27
8.63,21.02,6,70.0,10,8.77,27
9.62,21.02,7,70.0,11,9.34,30
10.63,20.53,8,70.0,11,9.97,30
11.62,20.53,9,70.0,12,10.54,33
12.63,20.53,10,70.0,14,11.12,36
13.62,21.02,11,70.0,14,11.64,36
14.63,20.04,12,70.0,14,12.32,38
15.63,20.53,13,70.0,14,12.85,38
16.63,21.02,14,70.0,16,13.37,41
17.63,20.53,15,70.0,16,13.99,41
18.64,20.53,16,70.0,17,14.57,44
19.64,20.53,17,70.0,18,15.15,47
20.64,20.53,18,70.0,18,15.72,47
21.64,20.53,19,70.0,19,16.3,49
22.64,20.53,20,70.0,19,16.88,49
23.65,21.02,21,70.0,20,17.39,52
24.64,20.53,22,70.0,21,18.02,55
25.65,21.02,23,70.0,21,18.54,55
26.64,20.53,24,70.0,22,19.17,58
27.65,20.53,25,70.0,22,19.75,58
28.64,21.02,26,70.0,23,20.26,60
29.65,21.51,27,70.0,23,20.78,60
30.64,20.53,28,70.0,24,21.46,63
31.65,21.02,29,70.0,24,21.98,63
32.64,21.02,30,70.0,25,22.55,66
33.65,21.02,31,70.0,27,23.12,69
34.64,21.02,32,70.0,27,23.69,69
35.65,21.02,33,70.0,28,24.26,72
36.66,21.02,34,70.0,28,24.83,72
37.66,21.02,35,70.0,29,25.4,74
38.66,20.53,36,70.0,30,26.03,77
39.66,21.02,37,70.0,30,26.55,77
40.66,21.51,38,70.0,31,27.06,80
41.66,21.51,39,70.0,31,27.62,80
42.67,21.51,40,70.0,32,28.19,83
43.66,21.51,41,70.0,32,28.75,83
44.67,21.02,42,70.0,33,29.38,85
45.66,21.51,43,70.0,33,29.89,85
46.67,21.02,44,70.0,34,30.51,88
47.66,21.51,45,70.0,35,31.03,91
48.67,21.02,46,70.0,35,31.65,91
49.66,21.51,47,70.0,36,32.16,94
50.67,21.02,48,70.0,36,32.78,94
51.66,21.51,49,70.0,38,33.3,97
52.67,21.51,50,70.0,38,33.86,97
53.68,21.51,51,70.0,38,34.43,99
54.67,21.51,52,70.0,38,34.99,99
55.68,21.51,53,70.0,40,35.56,102
56.68,21.51,54,70.0,41,36.12,105
57.68,21.51,55,70.0,41,36.69,105
58.68,21.99,56,70.0,42,37.19,108
59.69,21.51,57,70.0,42,37.81,108
60.68,21.99,58,70.0,43,38.32,110
61.69,22.48,59,70.0,43,38.82,110
62.68,21.99,60,70.0,44,39.43,113
63.69,21.99,61,70.0,44,39.99,113
64.68,21.99,62,70.0,45,40.55,116
65.69,22.48,63,70.0,46,41.05,119
66.68,21.99,64,70.0,46,41.66,119
67.69,22.48,65,70.0,47,42.16,121
68.7,22.48,66,70.0,47,42.72,121
69.69,22.48,67,70.0,48,43.27,124
70.7,22.48,68,70.0,48,43.82,124
71.69,22.97,69,70.0,49,44.32,127
72.7,22.48,70,70.0,49,44.92,127
73.69,22.48,71,70.0,50,45.48,130
74.7,22.97,72,70.0,50,45.97,130
75.7,22.97,73,70.0,52,46.52,133
76.7,22.97,74,70.0,52,47.07,135
77.7,22.97,75,70.0,52,47.62,135
78.71,22.97,76,70.0,54,48.16,138
79.7,22.97,77,70.0,54,48.71,138
80.71,23.46,78,70.0,55,49.2,141
81.7,23.46,79,70.0,55,49.74,141
82.71,23.46,80,70.0,56,50.29,144
83.72,23.95,81,70.0,56,50.77,144
84.71,23.95,82,70.0,57,51.31,146
85.72,23.95,83,70.0,57,51.84,146
86.71,23.95,84,70.0,58,52.38,149
87.72,23.95,85,70.0,58,52.91,149
88.71,23.95,86,70.0,59,53.45,152
89.72,24.44,87,70.0,59,53.93,152
90.71,24.44,88,70.0,60,54.46,155
91.72,24.44,89,70.0,60,54.99,155
92.71,24.93,90,70.0,61,55.46,157
93.72,24.93,91,70.0,61,55.99,157
94.72,24.93,92,70.0,62,56.51,160
95.72,25.42,93,70.0,62,56.98,160
96.72,24.93,94,70.0,63,57.56,163
97.73,24.93,95,70.0,65,58.08,166
98.72,25.42,96,70.0,65,58.55,166
99.73,25.42,97,70.0,66,59.07,169
100.74,25.9,98,70.0,66,59.53,169
101.73,25.9,99,70.0,67,60.04,171
102.74,25.9,100,70.0,67,60.56,171
103.73,26.39,101,70.0,68,61.01,174
104.74,25.9,102,70.0,68,61.58,174
105.73,26.39,103,70.0,69,62.03,177
106.74,26.39,104,70.0,69,62.54,177
107.73,26.88,105,70.0,69,62.99,177
108.74,26.88,106,70.0,70,63.49,180
109.73,26.88,107,70.0,70,64.0,180
110.74,26.88,108,70.0,71,64.5,182
111.73,27.37,109,70.0,71,64.94,182
112.74,27.37,110,70.0,72,65.44,185
113.74,27.37,111,70.0,72,65.93,185
114.74,27.37,112,70.0,73,66.43,188
115.75,27.86,113,70.0,73,66.87,188
116.75,27.86,114,70.0,74,67.36,191
117.75,27.37,115,70.0,74,67.91,191
118.75,28.35,116,70.0,76,68.29,194
119.76,28.35,117,70.0,76,68.77,194
120.75,28.35,118,70.0,76,69.26,196
121.76,28.84,119,70.0,76,69.69,196
122.75,28.84,120,70.0,78,70.17,199
123.76,29.33,121,70.0,78,70.59,199
124.75,29.33,122,70.0,79,71.06,202
125.76,29.33,123,70.0,79,71.53,202
126.75,29.81,124,70.0,79,71.95,202
127.76,29.81,125,70.0,80,72.42,205
128.75,29.81,126,70.0,80,72.89,205
129.76,29.81,127,70.0,81,73.35,207
130.77,30.3,128,70.0,81,73.76,207
131.76,30.3,129,70.0,82,74.23,210
132.77,30.79,130,70.0,82,74.63,210
133.76,30.79,131,70.0,83,75.09,213
134.77,30.79,132,70.0,83,75.54,213
135.77,30.79,133,70.0,83,76.0,213
136.77,31.28,134,70.0,84,76.4,216
137.77,31.77,135,70.0,84,76.79,216
138.78,31.77,136,70.0,85,77.24,218
139.77,32.26,137,70.0,85,77.62,218
140.78,32.26,138,70.0,86,78.06,221
141.77,32.26,139,70.0,86,78.5,221
142.78,32.26,140,70.0,86,78.94,221
143.77,32.75,141,70.0,87,79.32,224
144.78,32.75,142,70.0,87,79.76,224
145.77,32.75,143,70.0,89,80.19,227
146.78,33.24,144,70.0,89,80.57,227
147.79,33.24,145,70.0,89,80.99,227
148.78,33.72,146,70.0,90,81.36,230
149.79,33.72,147,70.0,90,81.79,230
150.78,34.21,148,70.0,90,82.15,232
151.79,34.21,149,70.0,90,82.57,232
152.79,34.21,150,70.0,90,82.98,232
153.79,34.7,151,70.0,92,83.34,235
154.79,35.19,152,70.0,92,83.69,235
155.8,34.21,153,70.0,93,84.22,238
156.79,35.19,154,70.0,93,84.52,238
157.8,35.68,155,70.0,93,84.86,238
158.79,35.68,156,70.0,94,85.26,241
159.8,35.68,157,70.0,94,85.66,241
160.79,36.17,158,70.0,95,86.0,243
161.8,36.17,159,70.0,95,86.4,243
162.81,36.66,160,70.0,95,86.73,243
163.8,36.66,161,70.0,96,87.12,246
164.81,37.15,162,70.0,96,87.45,246
165.8,37.15,163,70.0,96,87.84,246
166.81,37.63,164,70.0,97,88.16,249
167.8,37.63,165,70.0,97,88.54,249
168.81,37.63,166,70.0,97,88.91,249
169.8,38.12,167,70.0,98,89.23,252
170.81,38.12,168,70.0,98,89.6,252
171.81,38.61,169,70.0,98,89.92,252
172.81,39.1,170,70.0,100,90.22,255
173.81,39.1,171,70.0,100,90.58,255
174.82,39.1,172,70.0,100,90.94,255
175.82,39.59,173,70.0,100,91.24,255
176.82,39.59,174,70.0,100,91.6,255
177.83,40.08,175,70.0,100,91.89,255
178.82,39.59,176,70.0,100,92.3,255
179.83,40.08,177,70.0,100,92.6,255
180.82,40.08,178,70.0,100,92.95,255
181.83,40.57,179,70.0,100,93.23,255
182.82,41.06,180,70.0,100,93.52,255
183.83,41.06,181,70.0,100,93.86,255
184.82,41.54,182,70.0,100,94.13,255
185.83,41.54,183,70.0,100,94.47,255
186.82,42.03,184,70.0,100,94.74,255
187.83,42.03,185,70.0,100,95.06,255
188.82,42.03,186,70.0,100,95.39,255
189.83,42.52,187,70.0,100,95.66,255
190.84,43.01,188,70.0,100,95.92,255
191.83,43.01,189,70.0,100,96.23,255
192.84,43.01,190,70.0,100,96.55,255
193.84,43.5,191,70.0,100,96.8,255
194.84,43.5,192,70.0,100,97.11,255
195.84,43.99,193,70.0,100,97.36,255
196.85,43.99,194,70.0,100,97.67,255
197.84,43.99,195,70.0,100,97.97,255
198.85,44.48,196,70.0,100,98.21,255
199.84,44.97,197,70.0,100,98.45,255
200.85,44.97,198,70.0,100,98.74,255
201.84,44.97,199,70.0,100,99.03,255
202.85,45.45,200,70.0,100,99.27,255
203.86,45.45,201,70.0,100,99.55,255
204.85,45.94,202,70.0,100,99.78,255
205.86,45.94,203,70.0,100,100.06,255
206.85,46.43,204,70.0,100,100.28,255
207.86,46.43,205,70.0,100,100.56,255
208.85,46.92,206,70.0,100,100.77,255
209.86,46.92,207,70.0,100,101.04,255
210.85,46.92,208,70.0,100,101.31,255
211.86,47.41,209,70.0,100,101.52,255
212.86,47.41,210,70.0,100,101.78,255
213.86,47.9,211,70.0,100,101.99,255
214.86,47.9,212,70.0,100,102.25,255
215.87,47.9,213,70.0,100,102.5,255
216.87,48.39,214,70.0,100,102.7,255
217.87,48.39,215,70.0,100,102.95,255
218.88,48.39,216,70.0,100,103.21,255
219.87,48.88,217,70.0,100,103.4,255
220.88,49.36,218,70.0,100,103.59,255
221.87,49.36,219,70.0,100,103.83,255
222.88,49.36,220,70.0,100,104.07,255
223.87,49.85,221,70.0,100,104.25,255
224.88,49.85,222,70.0,100,104.48,255
225.87,50.34,223,70.0,100,104.66,255
226.88,50.34,224,70.0,100,104.89,255
227.87,50.34,225,70.0,100,105.12,255
228.88,50.83,226,70.0,100,105.29,255
229.89,51.32,227,70.0,100,105.45,255
230.88,51.32,228,70.0,100,105.67,255
231.89,51.32,229,70.0,100,105.89,255
232.88,51.81,230,70.0,100,106.05,255
233.89,51.32,231,70.0,100,106.32,255
234.89,52.3,232,70.0,100,106.42,255
235.89,52.3,233,70.0,100,106.62,255
236.89,52.3,234,70.0,100,106.83,255
237.9,52.79,235,70.0,100,106.98,255
238.89,52.79,236,70.0,100,107.18,255
239.9,53.27,237,70.0,100,107.32,255
240.89,53.27,238,70.0,100,107.51,255
241.9,53.27,239,70.0,100,107.71,255
242.91,53.76,240,70.0,100,107.85,255
243.9,53.76,241,70.0,100,108.04,255
244.91,54.25,242,70.0,100,108.17,255
245.9,54.25,243,70.0,100,108.35,255
246.91,54.25,244,70.0,100,108.53,255
247.9,54.25,245,70.0,100,108.72,255
248.91,54.74,246,70.0,100,108.84,255
249.9,54.74,247,70.0,100,109.02,255
250.91,55.23,248,70.0,100,109.14,255
251.91,55.23,249,70.0,100,109.31,255
252.91,55.72,250,70.0,100,109.42,255
253.91,55.23,251,70.0,100,109.65,255
254.91,55.72,252,70.0,100,109.76,255
255.92,55.72,253,70.0,100,109.93,255
256.92,55.72,254,70.0,100,110.09,255
257.92,56.21,255,70.0,100,110.2,255
258.92,56.21,256,70.0,100,110.36,255
259.93,56.7,257,70.0,100,110.46,255
260.92,56.7,258,70.0,100,110.62,255
261.93,56.7,259,70.0,100,110.77,255
262.92,57.18,260,70.0,100,110.87,255
263.93,57.18,261,70.0,100,111.02,255
264.92,57.18,262,70.0,100,111.17,255
265.93,57.18,263,70.0,100,111.32,255
266.92,57.67,264,70.0,100,111.41,255
267.93,57.67,265,70.0,100,111.55,255
268.94,58.16,266,70.0,100,111.64,255
269.93,58.16,267,70.0,100,111.78,255
270.94,58.16,268,70.0,100,111.91,255
271.93,58.16,269,70.0,100,112.05,255
272.94,58.65,270,70.0,100,112.13,255
273.94,58.65,271,70.0,100,112.26,255
274.94,58.65,272,70.0,100,112.39,255
275.94,59.14,273,70.0,100,112.47,255
276.94,59.14,274,70.0,100,112.59,255
277.94,59.63,275,70.0,100,112.66,255
278.95,59.14,276,70.0,100,112.84,255
279.94,59.63,277,70.0,100,112.91,255
280.95,59.63,278,70.0,100,113.03,255
281.96,60.12,279,70.0,100,113.09,255
282.95,60.12,280,70.0,100,113.21,255
283.96,60.12,281,70.0,100,113.32,255
284.95,60.12,282,70.0,100,113.44,255
285.96,60.12,283,70.0,100,113.55,255
286.95,60.61,284,70.0,100,113.61,255
287.96,60.61,285,70.0,100,113.72,255
288.95,61.09,286,70.0,100,113.77,255
289.96,61.09,287,70.0,100,113.87,255
290.95,61.09,288,70.0,100,113.98,255
291.96,61.09,289,70.0,100,114.08,255
292.96,61.09,290,70.0,100,114.19,255
293.96,61.58,291,70.0,100,114.23,255
294.96,61.58,292,70.0,100,114.33,255
295.97,61.58,293,70.0,100,114.43,255
296.97,61.58,294,70.0,100,114.52,255
297.97,62.07,295,70.0,100,114.56,255
298.98,62.07,296,70.0,100,114.66,255
299.97,62.07,297,70.0,100,114.75,255
300.98,62.07,298,70.0,100,114.84,255
301.97,62.56,299,70.0,100,114.87,255
302.98,62.56,300,70.0,100,114.96,255
303.97,62.56,301,70.0,100,115.05,255
304.98,63.05,302,70.0,100,115.08,255
305.97,63.05,303,70.0,100,115.16,255
306.98,63.05,304,70.0,100,115.24,255
307.97,63.05,305,70.0,100,115.32,255
308.98,63.05,306,70.0,100,115.4,255
309.99,63.54,307,70.0,100,115.42,255
310.98,63.54,308,70.0,100,115.5,255
311.99,63.54,309,70.0,100,115.57,255
312.98,63.54,310,70.0,100,115.65,255
313.99,63.54,311,70.0,100,115.72,255
314.99,64.03,312,70.0,100,115.74,255
315.99,64.03,313,70.0,100,115.81,255
316.99,64.03,314,70.0,100,115.88,255
318.0,64.52,315,70.0,100,115.89,255
318.99,64.52,316,70.0,100,115.95,255
320.0,64.52,317,70.0,100,116.02,255
320.99,64.52,318,70.0,100,116.08,255
322.0,64.52,319,70.0,100,116.15,255
323.01,64.52,320,70.0,100,116.21,255
324.0,65.0,321,70.0,100,116.21,255
325.01,65.0,322,70.0,100,116.27,255
326.0,65.0,323,70.0,100,116.33,255
327.01,65.0,324,70.0,100,116.39,255
328.0,65.0,325,70.0,100,116.45,255
329.01,65.49,326,70.0,100,116.45,255
330.0,65.49,327,70.0,100,116.5,255
331.01,65.49,328,70.0,100,116.55,255
332.0,65.49,329,70.0,100,116.6,255
333.01,65.98,330,70.0,100,116.6,255
334.01,65.98,331,70.0,100,116.64,255
335.01,65.98,332,70.0,100,116.69,255
336.02,66.47,333,70.0,100,116.68,255
337.02,66.47,334,70.0,100,116.72,255
338.02,66.47,335,70.0,100,116.76,255
339.02,66.47,336,70.0,100,116.8,255
340.03,66.47,337,70.0,100,116.84,255
341.02,66.47,338,70.0,100,116.88,255
342.03,66.47,339,70.0,100,116.93,255
343.02,66.47,340,70.0,100,116.97,255
344.03,66.47,341,70.0,100,117.01,255
345.02,66.96,342,70.0,100,116.99,255
346.03,66.96,343,70.0,100,117.03,255
347.02,67.45,344,70.0,100,117.0,255
348.03,66.96,345,70.0,100,117.09,255
349.04,67.45,346,70.0,100,117.07,255
350.03,67.45,347,70.0,100,117.1,255
351.04,67.45,348,70.0,100,117.13,255
352.03,67.45,349,70.0,100,117.16,255
353.04,67.45,350,70.0,100,117.19,255
354.03,67.45,351,70.0,100,117.22,255
355.04,67.94,352,70.0,100,117.19,255
356.04,67.45,353,70.0,100,117.27,255
357.04,67.94,354,70.0,100,117.24,255
358.04,67.94,355,70.0,100,117.27,255
359.05,67.94,356,70.0,100,117.29,255
360.04,67.94,357,70.0,100,117.31,255
361.05,67.94,358,70.0,100,117.34,255
362.04,68.43,359,70.0,100,117.3,255
363.05,68.43,360,70.0,100,117.32,255
364.06,68.43,361,70.0,100,117.34,255
365.05,68.43,362,70.0,100,117.36,255
366.06,68.43,363,70.0,100,117.38,255
367.05,68.43,364,70.0,100,117.39,255
368.06,68.43,365,70.0,100,117.41,255
369.05,68.91,366,70.0,100,117.37,255
370.06,68.91,367,70.0,100,117.38,255
371.05,68.91,368,70.0,100,117.4,255
372.06,68.91,369,70.0,100,117.41,255
373.06,68.91,370,70.0,100,117.42,255
374.06,68.91,371,70.0,100,117.44,255
375.06,69.4,372,70.0,100,117.39,255
376.07,68.91,373,70.0,100,117.46,255
377.07,68.91,374,70.0,100,117.47,255
378.07,68.91,375,70.0,100,117.48,255
379.08,69.4,376,70.0,100,117.43,255
380.07,69.4,377,70.0,100,117.44,255
381.08,69.4,378,70.0,100,117.45,255
382.07,69.4,379,70.0,100,117.46,255
383.08,69.4,380,70.0,100,117.46,255
384.07,69.4,381,70.0,100,117.47,255
385.08,69.4,382,70.0,100,117.48,255
386.07,69.4,383,70.0,100,117.48,255
387.08,69.89,384,70.0,100,117.43,255
388.07,69.89,385,70.0,100,117.43,255
389.08,69.89,386,70.0,100,117.43,255
390.09,69.89,387,70.0,100,117.43,255
391.08,69.89,388,70.0,100,117.44,255
392.09,69.89,389,70.0,100,117.44,255
393.08,69.89,390,70.0,100,117.44,255
394.09,69.89,391,70.0,100,117.44,255
395.09,70.38,392,70.0,100,117.38,255
396.09,70.38,393,70.0,100,117.38,255
397.09,70.38,394,70.0,100,117.37,255
398.1,70.38,395,70.0,100,117.37,255
399.09,70.38,396,70.0,100,117.36,255
400.1,70.38,397,70.0,100,117.36,255
401.09,70.38,398,70.0,100,117.36,255
402.1,70.38,399,70.0,100,117.35,255
403.11,70.87,400,70.0,100,117.29,255
404.1,70.87,401,70.0,100,117.28,255
405.11,70.87,402,70.0,100,117.27,255
406.1,70.38,403,70.0,100,117.32,255
407.11,70.87,404,70.0,100,117.25,255
408.1,70.87,405,70.0,100,117.24,255
409.11,70.87,406,70.0,100,117.23,255
410.1,70.87,407,70.0,100,117.22,255
411.11,71.36,408,70.0,100,117.15,255
412.1,70.87,409,70.0,100,117.2,255
413.11,70.87,410,70.0,100,117.19,255
414.11,70.87,411,70.0,100,117.18,255
415.11,71.36,412,70.0,100,117.11,255
416.12,71.36,413,70.0,100,117.09,255
417.12,71.36,414,70.0,100,117.08,255
418.12,71.36,415,70.0,100,117.06,255
419.12,71.36,416,70.0,100,117.04,255
420.13,71.36,417,70.0,100,117.03,255
421.12,71.36,418,70.0,100,117.01,255
422.13,71.36,419,70.0,100,117.0,255
423.12,71.36,420,70.0,100,116.98,255
424.13,71.36,421,70.0,100,116.97,255
425.12,71.36,422,70.0,100,116.95,255
426.13,71.36,423,70.0,100,116.93,255
427.12,71.85,424,70.0,100,116.86,255
428.13,71.85,425,70.0,100,116.84,255
429.14,71.85,426,70.0,100,116.82,255
430.13,71.85,427,70.0,100,116.79,255
431.14,71.85,428,70.0,100,116.77,255
432.13,71.85,429,70.0,100,116.75,255
433.14,71.85,430,70.0,100,116.73,255
434.13,71.85,431,70.0,100,116.71,255
435.14,72.34,432,70.0,100,116.63,255
436.14,71.85,433,70.0,100,116.66,255
437.14,72.34,434,70.0,100,116.58,255
438.14,72.34,435,70.0,100,116.55,255
439.15,72.34,436,70.0,100,116.53,255
440.14,72.34,437,70.0,100,116.5,255
441.15,72.34,438,70.0,100,116.47,255
442.16,72.34,439,70.0,100,116.44,255
443.15,72.34,440,70.0,100,116.42,255
444.16,71.85,441,70.0,100,116.45,255
445.15,72.34,442,70.0,100,116.37,255
446.16,72.34,443,70.0,100,116.34,255
447.15,72.34,444,70.0,100,116.31,255
448.16,72.34,445,70.0,100,116.29,255
449.15,72.34,446,70.0,100,116.26,255
450.16,72.34,447,70.0,100,116.23,255
451.15,72.34,448,70.0,100,116.2,255
452.16,72.34,449,70.0,100,116.18,255
453.15,72.34,450,70.0,100,116.15,255
454.16,72.34,451,70.0,100,116.12,255
455.17,72.34,452,70.0,100,116.1,255
456.16,72.83,453,70.0,100,116.01,255
457.17,72.83,454,70.0,100,115.98,255
458.17,72.83,455,70.0,100,115.94,255
459.17,72.83,456,70.0,100,115.91,255
460.17,72.83,457,70.0,100,115.88,255
461.18,72.83,458,70.0,100,115.84,255
462.17,72.83,459,70.0,100,115.81,255
463.18,72.83,460,70.0,100,115.78,255
464.17,72.83,461,70.0,100,115.75,255
465.18,72.83,462,70.0,100,115.71,255
466.17,73.31,463,70.0,100,115.62,255
467.18,72.83,464,70.0,100,115.64,255
468.19,73.31,465,70.0,100,115.55,255
469.18,72.83,466,70.0,100,115.57,255
470.19,72.83,467,70.0,100,115.54,255
471.18,73.31,468,70.0,100,115.45,255
472.19,73.31,469,70.0,100,115.41,255
473.18,73.31,470,70.0,100,115.37,255
474.19,72.83,471,70.0,100,115.39,255
475.18,73.31,472,70.0,100,115.3,255
476.19,73.31,473,70.0,100,115.26,255
477.18,72.83,474,70.0,100,115.28,255
478.19,72.83,475,70.0,100,115.25,255
479.18,73.31,476,70.0,100,115.15,255
480.19,73.31,477,70.0,100,115.12,255
481.2,72.83,478,70.0,100,115.14,255
482.19,73.31,479,70.0,100,115.04,255
483.2,73.31,480,70.0,100,115.01,255
484.19,73.31,481,70.0,100,114.97,255
485.2,73.31,482,70.0,100,114.93,255
486.19,73.31,483,70.0,100,114.89,255
487.2,73.31,484,70.0,100,114.85,255
488.19,73.31,485,70.0,100,114.81,255
489.2,73.31,486,70.0,100,114.77,255
490.19,73.31,487,70.0,100,114.73,255
491.2,73.31,488,70.0,100,114.7,255
492.19,73.31,489,70.0,100,114.66,255
493.2,73.8,490,70.0,100,114.56,255
494.21,73.8,491,70.0,100,114.52,255
495.2,73.8,492,70.0,100,114.47,255
496.21,73.8,493,70.0,100,114.43,255
497.2,73.31,494,70.0,100,114.44,255
498.21,73.8,495,70.0,100,114.34,255
499.2,73.8,496,70.0,100,114.3,255
500.21,73.8,497,70.0,100,114.26,255
501.2,73.8,498,70.0,100,114.21,255
502.21,73.8,499,70.0,100,114.17,255
503.2,73.8,500,70.0,100,114.12,255
504.21,73.8,501,70.0,100,114.08,255
505.2,74.29,502,70.0,100,113.98,255
506.21,73.8,503,70.0,100,113.98,255
507.21,73.8,504,70.0,100,113.94,255
508.21,73.8,505,70.0,100,113.9,255
509.21,73.8,506,70.0,100,113.85,255
510.21,73.8,507,70.0,100,113.81,255
511.21,73.8,508,70.0,100,113.76,255
512.21,73.8,509,70.0,100,113.72,255
513.21,74.29,510,70.0,100,113.62,255
514.21,73.8,511,70.0,100,113.62,255
515.21,73.8,512,70.0,100,113.58,255
516.21,74.29,513,70.0,100,113.48,255
517.22,74.29,514,70.0,100,113.43,255
518.21,73.8,515,70.0,100,113.44,255
519.22,74.29,516,70.0,100,113.33,255
520.22,73.8,517,70.0,100,113.34,255
521.22,74.29,518,70.0,100,113.24,255
522.22,74.29,519,70.0,100,113.19,255
523.22,74.29,520,70.0,100,113.14,255
524.22,74.29,521,70.0,100,113.09,255
525.22,74.29,522,70.0,100,113.04,255
526.22,74.29,523,70.0,100,112.99,255
527.22,74.29,524,70.0,100,112.94,255
528.22,73.8,525,70.0,100,112.95,255
529.22,74.29,526,70.0,100,112.84,255
530.22,73.8,527,70.0,100,112.85,255
531.22,74.29,528,70.0,100,112.75,255
532.22,74.29,529,70.0,100,112.7,255
533.22,73.8,530,70.0,100,112.71,255
534.22,74.29,531,70.0,100,112.61,255
535.23,74.29,532,70.0,100,112.56,255
536.22,74.29,533,70.0,100,112.51,255
537.23,74.29,534,70.0,100,112.46,255
538.22,74.29,535,70.0,100,112.41,255
539.23,74.29,536,70.0,100,112.36,255
540.22,74.29,537,70.0,100,112.31,255
541.23,73.8,538,70.0,100,112.31,255
542.22,74.29,539,70.0,100,112.21,255
543.23,74.29,540,70.0,100,112.16,255
544.23,73.8,541,70.0,100,112.17,255
545.23,74.29,542,70.0,100,112.07,255
546.23,74.29,543,70.0,100,112.02,255
547.23,74.29,544,70.0,100,111.97,255
548.24,74.29,545,70.0,100,111.92,255
549.23,74.29,546,70.0,100,111.87,255
550.24,74.29,547,70.0,100,111.82,255
551.23,74.29,548,70.0,100,111.77,255
552.24,74.29,549,70.0,100,111.72,255
553.23,74.29,550,70.0,100,111.67,255
554.24,74.29,551,70.0,100,111.62,255
555.23,74.29,552,70.0,100,111.57,255
556.24,74.29,553,70.0,100,111.52,255
557.23,74.78,554,70.0,100,111.41,255
558.24,74.78,555,70.0,100,111.35,255
559.23,74.29,556,70.0,100,111.36,255
560.24,74.29,557,70.0,100,111.31,255
561.25,74.29,558,70.0,100,111.26,255
562.24,74.29,559,70.0,100,111.21,255
563.25,74.29,560,70.0,100,111.16,255
564.24,74.78,561,70.0,100,111.05,255
565.25,74.29,562,70.0,100,111.05,255
566.24,74.29,563,70.0,100,111.0,255
567.25,74.78,564,70.0,100,110.89,255
568.24,74.78,565,70.0,100,110.84,255
569.25,76.74,566,70.0,100,110.55,255
570.24,76.25,567,70.0,100,110.53,255
571.25,76.25,568,70.0,100,110.45,255
572.24,76.25,569,70.0,100,110.38,255
573.25,76.25,570,70.0,100,110.31,255
574.26,75.76,571,70.0,100,110.29,255
575.25,76.25,572,70.0,100,110.17,255
576.26,76.25,573,70.0,100,110.09,255
577.25,76.25,574,70.0,100,110.02,255
578.26,75.76,575,70.0,100,110.01,255
579.25,76.25,576,70.0,100,109.88,255
580.26,76.25,577,70.0,100,109.81,255
581.25,76.25,578,70.0,100,109.74,255
582.26,76.25,579,70.0,100,109.66,255
583.25,76.25,580,70.0,100,109.59,255
584.26,76.25,581,70.0,100,109.52,255
585.25,76.25,582,70.0,100,109.45,255
586.26,76.25,583,70.0,100,109.37,255
587.27,76.25,584,70.0,100,109.3,255
588.26,76.25,585,70.0,100,109.23,255
589.27,76.25,586,70.0,100,109.15,255
590.26,76.25,587,70.0,100,109.08,255
591.27,76.25,588,70.0,100,109.01,255
592.26,76.25,589,70.0,100,108.94,255
593.27,76.25,590,70.0,100,108.86,255
594.26,75.76,591,70.0,100,108.85,255
595.27,75.76,592,70.0,100,108.78,255
596.26,76.25,593,70.0,100,108.66,255
597.27,76.25,594,70.0,100,108.58,255
598.26,76.25,595,70.0,100,108.51,255
599.27,76.25,596,70.0,100,108.44,255
600.28,76.25,597,70.0,100,108.37,255
601.27,75.76,598,70.0,100,108.35,255
602.28,76.25,599,70.0,100,108.23,255
603.27,75.76,600,70.0,100,108.21,255
604.28,76.25,601,70.0,100,108.09,255
605.27,76.25,602,70.0,100,108.01,255
606.28,76.25,603,70.0,100,107.94,255
607.27,76.25,604,70.0,100,107.87,255
608.28,76.25,605,70.0,100,107.79,255
609.27,76.25,606,70.0,100,107.72,255
610.28,76.25,607,70.0,100,107.65,255
611.28,76.25,608,70.0,100,107.58,255
612.28,76.25,609,70.0,100,107.5,255
613.29,76.25,610,70.0,100,107.43,255
614.28,76.25,611,70.0,100,107.36,255
615.29,76.25,612,70.0,100,107.29,255
616.28,76.25,613,70.0,100,107.21,255
617.29,76.25,614,70.0,100,107.14,255
618.28,76.25,615,70.0,100,107.07,255
619.29,76.25,616,70.0,100,106.99,255
620.28,76.25,617,70.0,100,106.92,255
621.29,76.25,618,70.0,100,106.85,255
622.29,76.25,619,70.0,100,106.78,255
623.29,75.76,620,70.0,100,106.76,255
624.29,75.76,621,70.0,100,106.69,255
625.29,76.25,622,70.0,100,106.57,255
626.3,76.25,623,70.0,100,106.5,255
627.29,76.25,624,70.0,100,106.42,255
628.3,76.25,625,70.0,100,106.35,255
629.29,76.25,626,70.0,100,106.28,255
630.3,76.25,627,70.0,100,106.2,255
631.3,76.25,628,70.0,100,106.13,255
632.3,76.25,629,70.0,100,106.06,255
633.3,76.25,630,70.0,100,105.99,255
634.3,76.25,631,70.0,100,105.91,255
635.3,76.25,632,70.0,100,105.84,255
636.3,76.25,633,70.0,100,105.77,255
637.3,76.25,634,70.0,100,105.7,255
638.31,76.25,635,70.0,100,105.62,255
639.31,76.25,636,70.0,100,105.55,255
640.31,76.25,637,70.0,100,105.48,255
641.31,76.25,638,70.0,100,105.4,255
642.31,76.25,639,70.0,100,105.33,255
643.31,76.25,640,70.0,100,105.26,255
644.31,76.25,641,70.0,100,105.19,255
645.31,76.25,642,70.0,100,105.11,255
646.31,76.25,643,70.0,100,105.04,255
647.32,76.25,644,70.0,100,104.97,255
648.31,76.25,645,70.0,100,104.9,255
649.32,76.25,646,70.0,100,104.82,255
650.31,76.25,647,70.0,100,104.75,255
651.32,76.25,648,70.0,100,104.68,255
652.32,76.25,649,70.0,100,104.6,255
653.32,76.25,650,70.0,100,104.53,255
654.32,76.25,651,70.0,100,104.46,255
655.32,76.25,652,70.0,100,104.39,255
656.33,76.25,653,70.0,100,104.31,255
657.32,76.25,654,70.0,100,104.24,255
658.33,76.25,655,70.0,100,104.17,255
659.32,76.25,656,70.0,100,104.09,255
660.33,76.25,657,70.0,100,104.02,255
661.32,76.25,658,70.0,100,103.95,255
662.33,76.25,659,70.0,100,103.88,255
663.32,76.25,660,70.0,100,103.8,255
664.33,76.25,661,70.0,100,103.73,255
665.34,76.25,662,70.0,100,103.66,255
666.33,76.25,663,70.0,100,103.59,255
667.34,76.25,664,70.0,100,103.51,255
668.33,76.25,665,70.0,100,103.44,255
669.34,76.25,666,70.0,100,103.37,255
670.33,76.25,667,70.0,100,103.29,255
671.34,76.25,668,70.0,100,103.22,255
672.33,76.25,669,70.0,100,103.15,255
673.34,76.25,670,70.0,100,103.08,255
674.33,76.25,671,70.0,100,103.0,255
675.34,76.25,672,70.0,100,102.93,255
676.33,76.25,673,70.0,100,102.86,255
677.34,76.25,674,70.0,100,102.78,255
678.33,76.25,675,70.0,100,102.71,255
679.34,76.25,676,70.0,100,102.64,255
680.35,76.25,677,70.0,100,102.57,255
681.34,76.25,678,70.0,100,102.49,255
682.35,76.74,679,70.0,100,102.36,255
683.34,76.25,680,70.0,100,102.34,255
684.35,76.74,681,70.0,100,102.21,255
685.34,76.74,682,70.0,100,102.13,255
686.35,76.25,683,70.0,100,102.11,255
687.34,76.25,684,70.0,100,102.04,255
688.35,76.74,685,70.0,100,101.91,255
689.34,76.25,686,70.0,100,101.89,255
690.35,76.25,687,70.0,100,101.82,255
691.34,76.74,688,70.0,100,101.68,255
692.35,76.74,689,70.0,100,101.61,255
693.36,76.74,690,70.0,100,101.53,255
694.35,76.25,691,70.0,100,101.51,255
695.36,76.74,692,70.0,100,101.38,255
696.35,76.74,693,70.0,100,101.3,255
697.36,76.25,694,70.0,100,101.28,255
698.35,76.74,695,70.0,100,101.15,255
699.36,76.74,696,70.0,100,101.07,255
700.35,76.25,697,70.0,100,101.05,255
701.36,76.74,698,70.0,100,100.92,255
702.35,76.25,699,70.0,100,100.9,255
703.36,76.74,700,70.0,100,100.77,255
704.36,76.74,701,70.0,100,100.69,255
705.36,76.25,702,70.0,100,100.67,255
706.37,76.25,703,70.0,100,100.59,255
707.36,76.74,704,70.0,100,100.46,255
708.37,76.74,705,70.0,100,100.38,255
709.37,76.74,706,70.0,100,100.31,255
710.37,76.74,707,70.0,100,100.23,255
711.37,76.74,708,70.0,100,100.15,255
712.37,76.74,709,70.0,100,100.07,255
713.37,76.74,710,70.0,100,99.99,255
714.37,76.74,711,70.0,100,99.91,255
715.37,76.74,712,70.0,100,99.84,255
716.38,76.74,713,70.0,100,99.76,255
717.37,76.74,714,70.0,100,99.68,255
718.38,76.74,715,70.0,100,99.6,255
719.37,76.74,716,70.0,100,99.52,255
720.38,76.74,717,70.0,100,99.44,255
721.39,76.74,718,70.0,100,99.36,255
722.38,76.74,719,70.0,100,99.29,255
723.39,76.74,720,70.0,100,99.21,255
724.38,76.74,721,70.0,100,99.13,255
725.39,76.74,722,70.0,100,99.05,255
726.38,76.74,723,70.0,100,98.97,255
727.39,76.74,724,70.0,100,98.89,255
728.38,76.74,725,70.0,100,98.82,255
729.39,76.74,726,70.0,100,98.74,255
730.38,76.74,727,70.0,100,98.66,255
731.39,76.74,728,70.0,100,98.58,255
732.38,76.74,729,70.0,100,98.5,255
733.39,76.74,730,70.0,100,98.42,255
734.4,76.74,731,70.0,100,98.34,255
735.39,76.74,732,70.0,100,98.27,255
736.4,76.74,733,70.0,100,98.19,255
737.39,76.74,734,70.0,100,98.11,255
738.4,76.74,735,70.0,100,98.03,255
739.39,76.74,736,70.0,100,97.95,255
740.4,76.74,737,70.0,100,97.87,255
741.39,76.74,738,70.0,100,97.8,255
742.4,76.74,739,70.0,100,97.72,255
743.39,76.74,740,70.0,100,97.64,255
744.4,76.74,741,70.0,100,97.56,255
745.39,76.74,742,70.0,100,97.48,255
746.4,76.74,743,70.0,100,97.4,255
747.39,76.74,744,70.0,100,97.32,255
748.4,76.74,745,70.0,100,97.25,255
749.41,76.74,746,70.0,100,97.17,255
750.4,76.74,747,70.0,100,97.09,255
751.41,76.74,748,70.0,100,97.01,255
752.4,76.74,749,70.0,100,96.93,255
753.41,76.74,750,70.0,100,96.85,255
754.4,76.74,751,70.0,100,96.78,255
755.41,76.74,752,70.0,100,96.7,255
756.41,76.74,753,70.0,100,96.62,255
757.41,76.74,754,70.0,100,96.54,255
758.41,76.74,755,70.0,100,96.46,255
759.41,76.74,756,70.0,100,96.38,255
760.41,76.74,757,70.0,100,96.3,255
761.41,76.74,758,70.0,100,96.23,255
762.42,76.74,759,70.0,100,96.15,255
763.42,76.74,760,70.0,100,96.07,255
764.42,76.74,761,70.0,100,95.99,255
765.42,76.74,762,70.0,100,95.91,255
766.42,76.74,763,70.0,100,95.83,255
767.42,76.74,764,70.0,100,95.76,255
768.43,76.74,765,70.0,100,95.68,255
769.42,76.74,766,70.0,100,95.6,255
770.43,76.74,767,70.0,100,95.52,255
771.42,76.74,768,70.0,100,95.44,255
772.43,76.74,769,70.0,100,95.36,255
773.42,76.74,770,70.0,100,95.28,255
774.43,76.74,771,70.0,100,95.21,255
775.42,76.74,772,70.0,100,95.13,255
776.43,76.74,773,70.0,100,95.05,255
777.44,76.74,774,70.0,100,94.97,255
778.43,76.74,775,70.0,100,94.89,255
779.44,76.74,776,70.0,100,94.81,255
780.43,76.74,777,70.0,100,94.74,255
781.44,76.74,778,70.0,100,94.66,255
782.43,76.74,779,70.0,100,94.58,255
783.44,76.74,780,70.0,100,94.5,255
784.43,77.22,781,70.0,100,94.36,255
785.44,76.74,782,70.0,100,94.34,255
786.43,76.74,783,70.0,100,94.26,255
787.44,76.74,784,70.0,100,94.18,255
788.43,76.74,785,70.0,100,94.1,255
789.44,76.74,786,70.0,100,94.02,255
790.45,76.74,787,70.0,100,93.95,255
791.44,76.74,788,70.0,100,93.87,255
792.45,76.74,789,70.0,100,93.79,255
793.44,76.74,790,70.0,100,93.71,255
794.45,76.74,791,70.0,100,93.63,255
795.44,76.74,792,70.0,100,93.55,255
796.45,76.74,793,70.0,100,93.47,255
797.44,77.22,794,70.0,100,93.34,255
798.45,76.74,795,70.0,100,93.31,255
799.44,76.74,796,70.0,100,93.23,255
800.45,76.74,797,70.0,100,93.16,255
801.45,76.74,798,70.0,100,93.08,255
802.45,76.74,799,70.0,100,93.0,255
803.45,76.74,800,70.0,100,92.92,255
804.45,76.74,801,70.0,100,92.84,255
805.46,76.74,802,70.0,100,92.76,255
806.46,76.74,803,70.0,100,92.68,255
807.46,76.74,804,70.0,100,92.61,255
808.46,76.74,805,70.0,100,92.53,255
809.46,76.74,806,70.0,100,92.45,255
810.46,76.74,807,70.0,100,92.37,255
811.47,76.74,808,70.0,100,92.29,255
812.46,76.74,809,70.0,100,92.21,255
813.47,76.74,810,70.0,100,92.14,255
814.46,76.74,811,70.0,100,92.06,255
815.47,76.74,812,70.0,100,91.98,255
816.46,76.74,813,70.0,100,91.9,255
817.47,76.74,814,70.0,100,91.82,255
818.46,76.74,815,70.0,100,91.74,255
819.47,76.74,816,70.0,100,91.66,255
820.48,76.74,817,70.0,100,91.59,255
821.47,76.74,818,70.0,100,91.51,255
822.48,77.22,819,70.0,100,91.37,255
823.47,76.74,820,70.0,100,91.34,255
824.48,76.74,821,70.0,100,91.27,255
825.47,76.74,822,70.0,100,91.19,255
826.48,76.74,823,70.0,100,91.11,255
827.47,76.74,824,70.0,100,91.03,255
828.48,76.74,825,70.0,100,90.95,255
829.47,76.74,826,70.0,100,90.87,255
830.48,76.74,827,70.0,100,90.8,255
831.47,76.74,828,70.0,100,90.72,255
832.48,76.74,829,70.0,100,90.64,255
833.49,77.22,830,70.0,100,90.5,255
834.48,76.74,831,70.0,100,90.48,255
835.49,76.74,832,70.0,100,90.4,255
836.48,77.22,833,70.0,100,90.26,255
837.49,76.74,834,70.0,100,90.23,255
838.48,76.74,835,70.0,100,90.16,255
839.49,76.74,836,70.0,100,90.08,255
840.49,76.74,837,70.0,98,90.0,252
841.49,76.74,838,70.0,98,89.92,252
842.49,76.74,839,70.0,98,89.84,252
843.49,76.74,840,70.0,98,89.76,252
844.49,77.22,841,70.0,98,89.63,252
845.5,77.22,842,70.0,98,89.54,252
846.49,76.74,843,70.0,98,89.52,252
847.5,77.22,844,70.0,98,89.38,252
848.49,76.74,845,70.0,98,89.35,252
849.5,76.74,846,70.0,98,89.28,252
850.51,76.74,847,70.0,98,89.2,252
851.5,76.74,848,70.0,98,89.12,252
852.51,76.74,849,70.0,98,89.04,252
853.5,76.74,850,70.0,97,88.96,249
854.51,77.22,851,70.0,97,88.83,249
855.5,77.22,852,70.0,97,88.74,249
856.51,76.74,853,70.0,97,88.72,249
857.5,76.25,854,70.0,97,88.7,249
858.51,77.22,855,70.0,97,88.51,249
859.5,76.74,856,70.0,97,88.48,249
860.51,77.22,857,70.0,97,88.34,249
861.5,76.74,858,70.0,97,88.32,249
862.51,76.74,859,70.0,97,88.24,249
863.5,76.74,860,70.0,97,88.16,249
864.51,76.74,861,70.0,97,88.08,249
865.52,76.74,862,70.0,97,88.0,249
866.51,77.22,863,70.0,96,87.87,246
867.52,76.74,864,70.0,96,87.84,246
868.51,76.74,865,70.0,96,87.76,246
869.52,76.74,866,70.0,96,87.68,246
870.51,76.74,867,70.0,96,87.61,246
871.52,76.74,868,70.0,96,87.53,246
872.52,76.74,869,70.0,96,87.45,246
873.52,76.74,870,70.0,96,87.37,246
874.52,76.74,871,70.0,96,87.29,246
875.52,76.74,872,70.0,96,87.21,246
876.52,76.25,873,70.0,96,87.19,246
877.53,76.74,874,70.0,96,87.06,246
878.52,77.22,875,70.0,95,86.93,243
879.53,76.74,876,70.0,95,86.9,243
880.53,76.74,877,70.0,95,86.82,243
881.53,76.74,878,70.0,95,86.74,243
882.54,76.74,879,70.0,95,86.66,243
883.53,76.74,880,70.0,95,86.59,243
884.54,76.74,881,70.0,95,86.51,243
885.53,77.71,882,70.0,95,86.31,243
886.54,76.74,883,70.0,95,86.34,243
887.53,76.74,884,70.0,95,86.26,243
888.54,76.74,885,70.0,95,86.18,243
889.53,76.74,886,70.0,95,86.1,243
890.54,76.74,887,70.0,95,86.03,243
891.53,76.74,888,70.0,94,85.95,241
892.54,76.74,889,70.0,94,85.87,241
893.53,76.74,890,70.0,94,85.79,241
894.54,76.74,891,70.0,94,85.71,241
895.53,76.25,892,70.0,94,85.69,241
896.54,76.74,893,70.0,94,85.56,241
897.55,76.74,894,70.0,94,85.48,241
898.54,76.74,895,70.0,94,85.4,241
899.55,76.74,896,70.0,94,85.32,241
900.54,76.74,897,70.0,94,85.25,241
901.55,76.74,898,70.0,94,85.17,241
902.55,76.74,899,70.0,94,85.09,241
903.55,76.74,900,70.0,94,85.01,241
904.55,77.22,901,70.0,93,84.87,238
905.56,76.74,902,70.0,93,84.85,238
906.55,76.74,903,70.0,93,84.77,238
907.56,76.74,904,70.0,93,84.69,238
908.55,76.74,905,70.0,93,84.61,238
909.56,76.74,906,70.0,93,84.53,238
910.55,76.74,907,70.0,93,84.46,238
911.56,76.74,908,70.0,93,84.38,238
912.56,76.74,909,70.0,93,84.3,238
913.56,76.74,910,70.0,93,84.22,238
914.57,75.76,911,70.0,93,84.26,238
915.56,76.74,912,70.0,93,84.08,238
916.57,76.74,913,70.0,92,84.0,235
917.56,76.74,914,70.0,92,83.92,235
918.57,76.74,915,70.0,92,83.84,235
919.56,76.74,916,70.0,92,83.76,235
920.57,76.74,917,70.0,92,83.68,235
921.56,76.74,918,70.0,92,83.6,235
922.57,76.74,919,70.0,92,83.53,235
923.56,77.22,920,70.0,92,83.39,235
924.57,76.25,921,70.0,92,83.42,235
925.56,76.74,922,70.0,92,83.29,235
926.57,76.74,923,70.0,92,83.21,235
927.58,76.74,924,70.0,92,83.13,235
928.57,76.74,925,70.0,92,83.06,235
929.58,76.25,926,70.0,92,83.04,235
930.57,76.74,927,70.0,90,82.9,232
931.58,76.25,928,70.0,90,82.88,232
932.57,76.74,929,70.0,90,82.75,232
933.58,75.76,930,70.0,90,82.79,232
934.58,76.74,931,70.0,90,82.61,232
935.58,76.25,932,70.0,90,82.59,232
936.58,76.25,933,70.0,90,82.51,232
937.58,76.25,934,70.0,90,82.44,232
938.58,76.25,935,70.0,90,82.37,232
939.59,76.25,936,70.0,90,82.3,232
940.58,76.25,937,70.0,90,82.22,232
941.59,76.25,938,70.0,90,82.15,232
942.59,76.25,939,70.0,90,82.08,232
943.59,76.25,940,70.0,90,82.01,232
944.6,76.25,941,70.0,90,81.93,230
945.59,76.25,942,70.0,90,81.86,230
946.6,76.25,943,70.0,90,81.79,230
947.59,76.25,944,70.0,90,81.71,230
948.6,76.25,945,70.0,90,81.64,230
949.6,76.25,946,70.0,90,81.57,230
950.6,76.25,947,70.0,90,81.5,230
951.59,76.25,948,70.0,90,81.42,230
952.6,75.76,949,70.0,90,81.41,230
953.59,76.25,950,70.0,90,81.28,230
954.6,76.25,951,70.0,90,81.21,230
955.59,76.25,952,70.0,90,81.14,230
956.61,76.25,953,70.0,90,81.06,230
957.59,76.25,954,70.0,89,80.99,227
958.6,75.76,955,70.0,89,80.98,227
959.61,75.76,956,70.0,89,80.91,227
960.6,76.25,957,70.0,89,80.79,227
961.61,75.76,958,70.0,89,80.77,227
962.6,75.27,959,70.0,89,80.76,227
963.61,76.25,960,70.0,89,80.58,227
964.61,75.76,961,70.0,89,80.57,227
965.62,75.76,962,70.0,89,80.5,227
966.61,75.76,963,70.0,89,80.44,227
967.62,75.76,964,70.0,89,80.37,227
968.61,75.76,965,70.0,89,80.3,227
969.62,75.76,966,70.0,89,80.23,227
970.61,75.76,967,70.0,89,80.17,227
971.62,75.27,968,70.0,89,80.16,227
972.61,75.76,969,70.0,89,80.04,227
973.62,75.76,970,70.0,87,79.97,224
974.63,75.76,971,70.0,87,79.9,224
975.62,75.76,972,70.0,87,79.84,224
976.63,75.76,973,70.0,87,79.77,224
977.62,75.76,974,70.0,87,79.7,224
978.63,75.76,975,70.0,87,79.64,224
979.62,75.27,976,70.0,87,79.63,224
980.63,75.76,977,70.0,87,79.51,224
981.62,74.29,978,70.0,87,79.62,224
982.63,75.76,979,70.0,87,79.39,224
983.62,75.27,980,70.0,87,79.38,224
984.63,75.76,981,70.0,87,79.26,224
985.62,75.27,982,70.0,87,79.25,224
986.63,75.27,983,70.0,87,79.19,224
987.62,75.76,984,70.0,87,79.07,224
988.63,75.27,985,70.0,87,79.06,224
989.64,75.76,986,70.0,86,78.94,221
990.63,75.27,987,70.0,86,78.94,221
991.64,75.27,988,70.0,86,78.87,221
992.63,75.27,989,70.0,86,78.81,221
993.64,75.27,990,70.0,86,78.75,221
994.64,75.27,991,70.0,86,78.69,221
995.64,75.27,992,70.0,86,78.63,221
996.64,75.27,993,70.0,86,78.57,221
997.64,75.27,994,70.0,86,78.51,221
998.64,75.27,995,70.0,86,78.44,221
999.65,75.27,996,70.0,86,78.38,221
1000.64,74.29,997,70.0,86,78.44,221
1001.65,75.27,998,70.0,86,78.27,221
1002.64,75.27,999,70.0,86,78.21,221
1003.65,75.27,1000,70.0,86,78.15,221
1004.66,75.27,1001,70.0,86,78.09,221
1005.65,75.27,1002,70.0,86,78.03,221
1006.66,74.78,1003,70.0,86,78.02,221
1007.65,75.27,1004,70.0,85,77.91,218
1008.66,75.27,1005,70.0,85,77.85,218
1009.65,74.78,1006,70.0,85,77.85,218
1010.66,74.78,1007,70.0,85,77.79,218
1011.65,74.78,1008,70.0,85,77.73,218
1012.66,74.78,1009,70.0,85,77.68,218
1013.65,74.78,1010,70.0,85,77.62,218
1014.66,74.78,1011,70.0,85,77.57,218
1015.65,74.78,1012,70.0,85,77.51,218
1016.66,74.78,1013,70.0,85,77.46,218
1017.65,74.78,1014,70.0,85,77.4,218
1018.66,74.78,1015,70.0,85,77.34,218
1019.67,73.31,1016,70.0,85,77.46,218
1020.66,74.78,1017,70.0,85,77.25,218
1021.67,74.78,1018,70.0,85,77.19,218
1022.66,74.78,1019,70.0,85,77.14,218
1023.67,74.29,1020,70.0,85,77.14,218
1024.67,74.29,1021,70.0,85,77.09,218
1025.67,74.29,1022,70.0,85,77.04,218
1026.67,74.29,1023,70.0,84,76.99,216
1027.68,74.29,1024,70.0,84,76.94,216
1028.67,74.29,1025,70.0,84,76.89,216
1029.68,73.8,1026,70.0,84,76.9,216
1030.67,74.29,1027,70.0,84,76.8,216
1031.68,74.29,1028,70.0,84,76.75,216
1032.67,74.29,1029,70.0,84,76.7,216
1033.68,74.29,1030,70.0,84,76.65,216
1034.67,74.29,1031,70.0,84,76.6,216
1035.68,74.29,1032,70.0,84,76.55,216
1036.69,73.8,1033,70.0,84,76.56,216
1037.68,74.78,1034,70.0,84,76.39,216
1038.69,73.8,1035,70.0,84,76.46,216
1039.68,73.8,1036,70.0,84,76.41,216
1040.69,73.8,1037,70.0,84,76.37,216
1041.68,73.8,1038,70.0,84,76.32,216
1042.69,73.8,1039,70.0,84,76.28,216
1043.68,73.8,1040,70.0,84,76.23,216
1044.69,73.8,1041,70.0,84,76.19,216
1045.68,73.8,1042,70.0,84,76.15,216
1046.69,73.8,1043,70.0,84,76.1,216
1047.69,73.8,1044,70.0,84,76.06,216
1048.69,73.31,1045,70.0,84,76.07,216
1049.69,73.8,1046,70.0,83,75.97,213
1050.69,73.8,1047,70.0,83,75.93,213
1051.7,73.8,1048,70.0,83,75.89,213
1052.7,73.8,1049,70.0,83,75.84,213
1053.7,73.8,1050,70.0,83,75.8,213
1054.7,73.8,1051,70.0,83,75.75,213
1055.7,73.8,1052,70.0,83,75.71,213
1056.7,73.31,1053,70.0,83,75.72,213
1057.71,73.31,1054,70.0,83,75.68,213
1058.7,72.83,1055,70.0,83,75.7,213
1059.71,73.31,1056,70.0,83,75.61,213
1060.7,73.31,1057,70.0,83,75.57,213
1061.71,73.31,1058,70.0,83,75.54,213
1062.7,73.31,1059,70.0,83,75.5,213
1063.71,73.31,1060,70.0,83,75.46,213
1064.7,73.31,1061,70.0,83,75.42,213
1065.71,73.31,1062,70.0,83,75.38,213
1066.72,73.31,1063,70.0,83,75.34,213
1067.71,72.83,1064,70.0,83,75.36,213
1068.72,72.83,1065,70.0,83,75.33,213
1069.71,72.83,1066,70.0,83,75.3,213
1070.72,73.31,1067,70.0,83,75.21,213
1071.71,72.83,1068,70.0,83,75.23,213
1072.72,73.31,1069,70.0,83,75.13,213
1073.71,73.31,1070,70.0,83,75.1,213
1074.72,72.83,1071,70.0,83,75.12,213
1075.72,72.83,1072,70.0,83,75.08,213
1076.72,72.83,1073,70.0,83,75.05,213
1077.72,72.34,1074,70.0,83,75.08,213
1078.72,72.83,1075,70.0,82,74.99,210
1079.72,72.83,1076,70.0,82,74.96,210
1080.73,72.83,1077,70.0,82,74.92,210
1081.73,72.83,1078,70.0,82,74.89,210
1082.73,72.83,1079,70.0,82,74.86,210
1083.73,72.83,1080,70.0,82,74.83,210
1084.73,72.83,1081,70.0,82,74.79,210
1085.74,73.31,1082,70.0,82,74.7,210
1086.73,72.34,1083,70.0,82,74.78,210
1087.74,72.34,1084,70.0,82,74.75,210
1088.73,72.83,1085,70.0,82,74.67,210
1089.74,72.34,1086,70.0,82,74.69,210
1090.73,72.34,1087,70.0,82,74.66,210
1091.74,72.34,1088,70.0,82,74.64,210
1092.73,72.34,1089,70.0,82,74.61,210
1093.74,72.34,1090,70.0,82,74.58,210
1094.73,72.34,1091,70.0,82,74.56,210
1095.74,71.85,1092,70.0,82,74.59,210
1096.73,71.85,1093,70.0,82,74.57,210
1097.74,72.34,1094,70.0,82,74.49,210
1098.75,72.34,1095,70.0,82,74.46,210
1099.74,72.34,1096,70.0,82,74.43,210
1100.75,72.34,1097,70.0,82,74.4,210
1101.74,72.34,1098,70.0,82,74.38,210
1102.75,72.34,1099,70.0,82,74.35,210
1103.75,72.34,1100,70.0,82,74.32,210
1104.75,72.83,1101,70.0,82,74.24,210
1105.75,71.85,1102,70.0,82,74.32,210
1106.75,71.85,1103,70.0,82,74.3,210
1107.75,71.85,1104,70.0,82,74.28,210
1108.76,72.34,1105,70.0,82,74.2,210
1109.75,71.85,1106,70.0,82,74.23,210
1110.76,71.85,1107,70.0,82,74.21,210
1111.75,71.85,1108,70.0,82,74.19,210
1112.76,71.85,1109,70.0,82,74.16,210
1113.77,71.85,1110,70.0,82,74.14,210
1114.76,71.85,1111,70.0,82,74.12,210
1115.77,71.36,1112,70.0,82,74.16,210
1116.76,71.85,1113,70.0,82,74.08,210
1117.77,71.85,1114,70.0,82,74.06,210
1118.76,71.85,1115,70.0,82,74.04,210
1119.77,71.85,1116,70.0,82,74.02,210
1120.76,71.85,1117,70.0,81,74.0,207
1121.77,71.85,1118,70.0,81,73.98,207
1122.76,71.36,1119,70.0,82,74.01,210
1123.77,71.85,1120,70.0,81,73.94,207
1124.76,71.36,1121,70.0,81,73.98,207
1125.77,70.87,1122,70.0,82,74.02,210
1126.76,71.85,1123,70.0,81,73.89,207
1127.77,71.36,1124,70.0,81,73.93,207
1128.78,71.36,1125,70.0,81,73.91,207
1129.77,71.36,1126,70.0,81,73.9,207
1130.78,71.36,1127,70.0,81,73.88,207
1131.78,71.36,1128,70.0,81,73.87,207
1132.78,71.36,1129,70.0,81,73.85,207
1133.78,70.87,1130,70.0,81,73.89,207
1134.79,70.87,1131,70.0,81,73.88,207
1135.78,71.36,1132,70.0,81,73.81,207
1136.79,71.36,1133,70.0,81,73.8,207
1137.78,71.36,1134,70.0,81,73.78,207
1138.79,71.36,1135,70.0,81,73.77,207
1139.78,71.36,1136,70.0,81,73.75,207
1140.79,71.36,1137,70.0,81,73.73,207
1141.78,71.36,1138,70.0,81,73.72,207
1142.79,71.85,1139,70.0,81,73.64,207
1143.8,70.87,1140,70.0,81,73.74,207
1144.79,70.38,1141,70.0,81,73.79,207
1145.8,70.87,1142,70.0,81,73.73,207
1146.79,70.87,1143,70.0,81,73.72,207
1147.8,70.87,1144,70.0,81,73.71,207
1148.79,70.87,1145,70.0,81,73.7,207
1149.8,70.87,1146,70.0,81,73.68,207
1150.79,70.87,1147,70.0,81,73.67,207
1151.8,70.87,1148,70.0,81,73.66,207
1152.79,70.87,1149,70.0,81,73.65,207
1153.8,70.38,1150,70.0,81,73.7,207
1154.8,70.87,1151,70.0,81,73.64,207
1155.8,70.87,1152,70.0,81,73.63,207
1156.8,70.87,1153,70.0,81,73.62,207
1157.81,70.87,1154,70.0,81,73.61,207
1158.8,70.87,1155,70.0,81,73.6,207
1159.81,70.87,1156,70.0,81,73.59,207
1160.81,70.38,1157,70.0,81,73.64,207
1161.81,71.36,1158,70.0,81,73.52,207
1162.82,70.38,1159,70.0,81,73.62,207
1163.81,69.89,1160,70.0,81,73.67,207
1164.82,70.38,1161,70.0,81,73.61,207
1165.81,70.87,1162,70.0,81,73.55,207
1166.82,70.38,1163,70.0,81,73.6,207
1167.81,70.38,1164,70.0,81,73.6,207
1168.82,70.38,1165,70.0,81,73.59,207
1169.81,70.38,1166,70.0,81,73.59,207
1170.82,70.38,1167,70.0,81,73.58,207
1171.81,70.38,1168,70.0,81,73.58,207
1172.82,70.38,1169,70.0,81,73.57,207
1173.81,70.38,1170,70.0,81,73.57,207
1174.82,70.38,1171,70.0,81,73.56,207
1175.83,70.38,1172,70.0,81,73.56,207
1176.82,70.38,1173,70.0,81,73.56,207
1177.83,70.38,1174,70.0,81,73.55,207
1178.82,70.38,1175,70.0,81,73.55,207
1179.83,70.38,1176,70.0,81,73.54,207
1180.82,70.87,1177,70.0,81,73.48,207
1181.83,69.89,1178,70.0,81,73.59,207
1182.83,69.4,1179,70.0,81,73.65,207
1183.83,69.89,1180,70.0,81,73.59,207
1184.83,69.89,1181,70.0,81,73.6,207
1185.84,69.89,1182,70.0,81,73.6,207
1186.83,70.38,1183,70.0,81,73.54,207
1187.84,69.89,1184,70.0,81,73.59,207
1188.83,69.89,1185,70.0,81,73.6,207
1189.84,69.89,1186,70.0,81,73.6,207
1190.85,69.89,1187,70.0,81,73.6,207
1191.84,69.4,1188,70.0,81,73.66,207
1192.85,69.89,1189,70.0,81,73.61,207
1193.84,69.89,1190,70.0,81,73.61,207
1194.85,69.89,1191,70.0,81,73.61,207
1195.84,69.89,1192,70.0,81,73.61,207
1196.85,69.89,1193,70.0,81,73.61,207
1197.84,69.89,1194,70.0,81,73.61,207
1198.85,69.89,1195,70.0,81,73.61,207
1199.84,69.89,1196,70.0,81,73.61,207
1200.85,69.4,1197,70.0,81,73.67,207
1201.84,68.43,1198,70.0,81,73.8,207
1202.85,69.89,1199,70.0,81,73.64,207
1203.84,69.4,1200,70.0,81,73.7,207
1204.85,69.89,1201,70.0,81,73.65,207
1205.86,69.89,1202,70.0,81,73.65,207
1206.85,69.89,1203,70.0,81,73.65,207
1207.86,69.4,1204,70.0,81,73.71,207
1208.86,69.4,1205,70.0,81,73.72,207
1209.86,69.4,1206,70.0,81,73.73,207
1210.86,69.4,1207,70.0,81,73.73,207
1211.87,69.4,1208,70.0,81,73.74,207
1212.86,69.4,1209,70.0,81,73.75,207
1213.87,69.4,1210,70.0,81,73.75,207
1214.86,69.4,1211,70.0,81,73.76,207
1215.87,69.4,1212,70.0,81,73.77,207
1216.86,69.4,1213,70.0,81,73.77,207
1217.87,69.4,1214,70.0,81,73.78,207
1218.86,69.4,1215,70.0,81,73.79,207
1219.87,69.4,1216,70.0,81,73.8,207
1220.86,68.91,1217,70.0,81,73.86,207
1221.87,69.4,1218,70.0,81,73.81,207
1222.88,69.4,1219,70.0,81,73.82,207
1223.87,69.4,1220,70.0,81,73.83,207
1224.88,69.4,1221,70.0,81,73.84,207
1225.87,69.4,1222,70.0,81,73.84,207
1226.88,69.4,1223,70.0,81,73.85,207
1227.87,69.4,1224,70.0,81,73.86,207
1228.88,69.4,1225,70.0,81,73.86,207
1229.87,68.91,1226,70.0,81,73.93,207
1230.88,68.43,1227,70.0,82,74.0,210
1231.88,69.4,1228,70.0,81,73.9,207
1232.88,68.91,1229,70.0,81,73.97,207
1233.88,69.4,1230,70.0,81,73.92,207
1234.89,69.4,1231,70.0,81,73.93,207
1235.88,69.4,1232,70.0,81,73.93,207
1236.89,69.4,1233,70.0,81,73.94,207
1237.89,68.91,1234,70.0,82,74.01,210
1238.89,69.89,1235,70.0,81,73.9,207
1239.9,68.91,1236,70.0,82,74.02,210
1240.89,68.91,1237,70.0,82,74.03,210
1241.9,69.4,1238,70.0,81,73.99,207
1242.89,69.4,1239,70.0,81,73.99,207
1243.9,69.4,1240,70.0,82,74.0,210
1244.89,68.91,1241,70.0,82,74.07,210
1245.9,69.4,1242,70.0,82,74.02,210
1246.89,69.4,1243,70.0,82,74.03,210
1247.9,69.4,1244,70.0,82,74.04,210
1248.89,68.91,1245,70.0,82,74.1,210
1249.9,68.43,1246,70.0,82,74.17,210
1250.89,68.91,1247,70.0,82,74.13,210
1251.9,68.91,1248,70.0,82,74.14,210
1252.91,68.91,1249,70.0,82,74.16,210
1253.9,68.91,1250,70.0,82,74.17,210
1254.91,68.91,1251,70.0,82,74.18,210
1255.9,68.91,1252,70.0,82,74.2,210
1256.91,68.91,1253,70.0,82,74.21,210
1257.91,69.4,1254,70.0,82,74.16,210
1258.91,68.91,1255,70.0,82,74.23,210
1259.91,68.43,1256,70.0,82,74.3,210
1260.92,68.91,1257,70.0,82,74.26,210
1261.91,68.91,1258,70.0,82,74.27,210
1262.92,68.91,1259,70.0,82,74.28,210
1263.91,68.91,1260,70.0,82,74.3,210
1264.92,68.91,1261,70.0,82,74.31,210
1265.91,68.91,1262,70.0,82,74.32,210
1266.92,68.91,1263,70.0,82,74.33,210
1267.91,68.91,1264,70.0,82,74.35,210
1268.92,68.43,1265,70.0,82,74.42,210
1269.93,68.91,1266,70.0,82,74.38,210
1270.92,68.91,1267,70.0,82,74.39,210
1271.93,68.91,1268,70.0,82,74.4,210
1272.92,68.91,1269,70.0,82,74.42,210
1273.93,68.91,1270,70.0,82,74.43,210
1274.92,68.91,1271,70.0,82,74.44,210
1275.93,68.91,1272,70.0,82,74.45,210
1276.92,69.4,1273,70.0,82,74.41,210
1277.93,68.43,1274,70.0,82,74.53,210
1278.92,68.43,1275,70.0,82,74.55,210
1279.93,68.91,1276,70.0,82,74.51,210
1280.93,68.91,1277,70.0,82,74.52,210
1281.93,68.91,1278,70.0,82,74.54,210
1282.93,68.91,1279,70.0,82,74.55,210
1283.94,68.91,1280,70.0,82,74.56,210
1284.94,68.91,1281,70.0,82,74.57,210
1285.94,68.43,1282,70.0,82,74.64,210
1286.94,68.43,1283,70.0,82,74.66,210
1287.94,68.43,1284,70.0,82,74.68,210
1288.95,68.43,1285,70.0,82,74.7,210
1289.94,68.91,1286,70.0,82,74.66,210
1290.95,68.91,1287,70.0,82,74.67,210
1291.94,68.91,1288,70.0,82,74.68,210
1292.95,68.43,1289,70.0,82,74.76,210
1293.94,68.91,1290,70.0,82,74.72,210
1294.95,68.91,1291,70.0,82,74.73,210
1295.94,69.4,1292,70.0,82,74.68,210
1296.95,68.43,1293,70.0,82,74.81,210
1297.94,68.43,1294,70.0,82,74.82,210
1298.95,68.43,1295,70.0,82,74.84,210
1299.96,68.91,1296,70.0,82,74.8,210
1300.95,68.91,1297,70.0,82,74.82,210
1301.96,68.43,1298,70.0,82,74.89,210
1302.95,68.91,1299,70.0,82,74.85,210
1303.96,68.91,1300,70.0,82,74.86,210
1304.95,68.43,1301,70.0,82,74.93,210
1305.96,68.43,1302,70.0,82,74.95,210
1306.96,67.45,1303,70.0,83,75.08,213
1307.96,68.43,1304,70.0,82,75.0,210
1308.96,68.91,1305,70.0,82,74.96,210
1309.97,68.43,1306,70.0,83,75.03,213
1310.96,68.91,1307,70.0,82,74.99,210
1311.97,68.91,1308,70.0,82,75.0,210
1312.96,68.43,1309,70.0,83,75.07,213
1313.97,68.91,1310,70.0,83,75.03,213
1314.98,68.91,1311,70.0,83,75.04,213
1315.97,67.94,1312,70.0,83,75.17,213
1316.98,68.43,1313,70.0,83,75.14,213
1317.97,68.43,1314,70.0,83,75.16,213
1318.98,68.43,1315,70.0,83,75.18,213
1319.97,68.43,1316,70.0,83,75.19,213
1320.98,68.91,1317,70.0,83,75.15,213
1321.97,68.43,1318,70.0,83,75.22,213
1322.98,68.43,1319,70.0,83,75.24,213
1323.97,68.43,1320,70.0,83,75.26,213
1324.98,68.43,1321,70.0,83,75.28,213
1325.97,67.45,1322,70.0,83,75.42,213
1326.98,68.43,1323,70.0,83,75.33,213
1327.98,68.43,1324,70.0,83,75.35,213
1328.98,68.91,1325,70.0,83,75.31,213
1329.99,68.43,1326,70.0,83,75.38,213
1330.98,68.43,1327,70.0,83,75.4,213
1331.99,68.43,1328,70.0,83,75.41,213
1332.99,68.43,1329,70.0,83,75.43,213
1333.99,69.4,1330,70.0,83,75.33,213
1334.99,67.94,1331,70.0,83,75.52,213
1336.0,68.43,1332,70.0,83,75.48,213
1336.99,68.43,1333,70.0,83,75.5,213
1338.0,68.43,1334,70.0,83,75.52,213
1338.99,68.43,1335,70.0,83,75.54,213
1340.0,68.43,1336,70.0,83,75.55,213
1340.99,68.43,1337,70.0,83,75.57,213
1342.0,68.43,1338,70.0,83,75.59,213
1342.99,68.43,1339,70.0,83,75.61,213
1344.0,68.43,1340,70.0,83,75.63,213
1344.99,67.45,1341,70.0,83,75.76,213
1346.0,68.43,1342,70.0,83,75.68,213
1347.01,68.43,1343,70.0,83,75.69,213
1348.0,68.43,1344,70.0,83,75.71,213
1349.01,68.43,1345,70.0,83,75.73,213
1350.0,68.43,1346,70.0,83,75.75,213
1351.01,68.43,1347,70.0,83,75.77,213
1352.0,68.43,1348,70.0,83,75.79,213
1353.01,69.4,1349,70.0,83,75.69,213
1354.01,67.94,1350,70.0,83,75.87,213
1355.01,68.43,1351,70.0,83,75.84,213
1356.01,68.43,1352,70.0,83,75.85,213
1357.01,68.43,1353,70.0,83,75.87,213
1358.01,68.43,1354,70.0,83,75.89,213
1359.02,68.43,1355,70.0,83,75.91,213
1360.01,68.43,1356,70.0,83,75.93,213
1361.02,68.43,1357,70.0,83,75.95,213
1362.03,68.43,1358,70.0,83,75.96,213
1363.02,68.43,1359,70.0,83,75.98,213
1364.03,67.45,1360,70.0,84,76.12,216
1365.02,68.43,1361,70.0,84,76.03,216
1366.03,68.43,1362,70.0,84,76.05,216
1367.02,68.43,1363,70.0,84,76.07,216
1368.03,68.91,1364,70.0,84,76.03,216
1369.02,68.91,1365,70.0,84,76.04,216
1370.03,68.43,1366,70.0,84,76.11,216
1371.02,68.91,1367,70.0,84,76.07,216
1372.03,69.4,1368,70.0,84,76.02,216
1373.02,68.43,1369,70.0,84,76.15,216
1374.03,68.43,1370,70.0,84,76.17,216
1375.02,68.43,1371,70.0,84,76.19,216
1376.03,68.43,1372,70.0,84,76.2,216
1377.04,68.43,1373,70.0,84,76.22,216
1378.03,68.43,1374,70.0,84,76.24,216
1379.04,68.91,1375,70.0,84,76.2,216
1380.04,68.43,1376,70.0,84,76.27,216
1381.04,68.43,1377,70.0,84,76.29,216
1382.04,68.43,1378,70.0,84,76.31,216
1383.04,67.45,1379,70.0,84,76.44,216
1384.04,68.43,1380,70.0,84,76.36,216
1385.05,68.43,1381,70.0,84,76.37,216
1386.04,68.91,1382,70.0,84,76.33,216
1387.05,68.91,1383,70.0,84,76.35,216
1388.04,68.91,1384,70.0,84,76.36,216
1389.05,68.91,1385,70.0,84,76.37,216
1390.04,68.91,1386,70.0,84,76.38,216
1391.05,69.4,1387,70.0,84,76.34,216
1392.04,68.43,1388,70.0,84,76.46,216
1393.05,68.91,1389,70.0,84,76.42,216
1394.06,68.91,1390,70.0,84,76.43,216
1395.05,68.91,1391,70.0,84,76.45,216
1396.06,68.91,1392,70.0,84,76.46,216
1397.05,68.91,1393,70.0,84,76.47,216
1398.06,68.91,1394,70.0,84,76.49,216
1399.05,68.91,1395,70.0,84,76.5,216
1400.06,68.91,1396,70.0,84,76.51,216
1401.05,68.43,1397,70.0,84,76.58,216
1402.06,67.94,1398,70.0,84,76.66,216
1403.06,68.91,1399,70.0,84,76.57,216
1404.06,68.91,1400,70.0,84,76.58,216
1405.06,68.91,1401,70.0,84,76.59,216
1406.07,68.91,1402,70.0,84,76.6,216
1407.06,68.91,1403,70.0,84,76.62,216
1408.07,68.91,1404,70.0,84,76.63,216
1409.08,68.91,1405,70.0,84,76.64,216
1410.07,69.89,1406,70.0,84,76.54,216
1411.08,68.43,1407,70.0,84,76.71,216
1412.07,68.91,1408,70.0,84,76.67,216
1413.08,68.91,1409,70.0,84,76.69,216
1414.07,68.91,1410,70.0,84,76.7,216
1415.08,68.91,1411,70.0,84,76.71,216
1416.07,68.91,1412,70.0,84,76.72,216
1417.08,68.91,1413,70.0,84,76.74,216
1418.07,68.91,1414,70.0,84,76.75,216
1419.08,68.91,1415,70.0,84,76.76,216
1420.07,68.91,1416,70.0,84,76.77,216
1421.08,67.94,1417,70.0,84,76.91,216
1422.07,68.91,1418,70.0,84,76.81,216
1423.08,68.91,1419,70.0,84,76.82,216
1424.09,68.91,1420,70.0,84,76.84,216
1425.08,68.91,1421,70.0,84,76.85,216
1426.09,68.91,1422,70.0,84,76.86,216
1427.09,68.91,1423,70.0,84,76.87,216
1428.09,68.91,1424,70.0,84,76.89,216
1429.09,69.4,1425,70.0,84,76.84,216
1430.09,68.43,1426,70.0,84,76.97,216
1431.09,68.91,1427,70.0,84,76.93,216
1432.1,68.91,1428,70.0,84,76.94,216
1433.09,68.91,1429,70.0,84,76.95,216
1434.1,68.91,1430,70.0,84,76.96,216
1435.09,68.91,1431,70.0,84,76.98,216
1436.1,68.91,1432,70.0,84,76.99,216
1437.09,68.91,1433,70.0,85,77.0,218
1438.1,68.91,1434,70.0,85,77.01,218
1439.11,68.91,1435,70.0,85,77.03,218
1440.1,67.94,1436,70.0,85,77.16,218
1441.11,68.91,1437,70.0,85,77.06,218
1442.1,68.91,1438,70.0,85,77.08,218
1443.11,68.91,1439,70.0,85,77.09,218
1444.1,68.91,1440,70.0,85,77.1,218
1445.11,68.91,1441,70.0,85,77.11,218
1446.1,69.4,1442,70.0,85,77.07,218
1447.11,68.91,1443,70.0,85,77.13,218
1448.1,69.4,1444,70.0,85,77.09,218
1449.11,68.91,1445,70.0,85,77.15,218
1450.11,68.91,1446,70.0,85,77.17,218
1451.11,69.4,1447,70.0,85,77.12,218
1452.11,69.4,1448,70.0,85,77.13,218
1453.12,69.4,1449,70.0,85,77.13,218
1454.11,68.91,1450,70.0,85,77.2,218
1455.12,68.91,1451,70.0,85,77.21,218
1456.12,68.91,1452,70.0,85,77.22,218
1457.12,68.91,1453,70.0,85,77.24,218
1458.13,68.91,1454,70.0,85,77.25,218
1459.12,68.43,1455,70.0,85,77.32,218
1460.13,69.4,1456,70.0,85,77.22,218
1461.12,68.91,1457,70.0,85,77.29,218
1462.13,68.91,1458,70.0,85,77.3,218
1463.12,68.91,1459,70.0,85,77.31,218
1464.13,68.91,1460,70.0,85,77.33,218
1465.12,69.4,1461,70.0,85,77.28,218
1466.13,69.4,1462,70.0,85,77.29,218
1467.12,69.89,1463,70.0,85,77.23,218
1468.13,68.91,1464,70.0,85,77.35,218
1469.12,68.91,1465,70.0,85,77.37,218
1470.13,68.91,1466,70.0,85,77.38,218
1471.14,68.91,1467,70.0,85,77.39,218
1472.13,69.4,1468,70.0,85,77.35,218
1473.14,69.4,1469,70.0,85,77.35,218
1474.13,69.4,1470,70.0,85,77.36,218
1475.14,69.4,1471,70.0,85,77.37,218
1476.14,68.91,1472,70.0,85,77.43,218
1477.14,69.4,1473,70.0,85,77.39,218
1478.14,68.43,1474,70.0,85,77.51,218
1479.15,68.91,1475,70.0,85,77.47,218
1480.14,68.91,1476,70.0,85,77.48,218
1481.15,68.91,1477,70.0,85,77.49,218
1482.14,69.4,1478,70.0,85,77.45,218
1483.15,69.4,1479,70.0,85,77.46,218
1484.14,69.4,1480,70.0,85,77.46,218
1485.15,69.4,1481,70.0,85,77.47,218
1486.16,69.89,1482,70.0,85,77.42,218
1487.15,68.91,1483,70.0,85,77.54,218
1488.16,69.4,1484,70.0,85,77.49,218
1489.15,69.4,1485,70.0,85,77.5,218
1490.16,69.4,1486,70.0,85,77.5,218
1491.15,69.4,1487,70.0,85,77.51,218
1492.16,69.4,1488,70.0,85,77.52,218
1493.15,69.4,1489,70.0,85,77.53,218
1494.16,69.4,1490,70.0,85,77.53,218
1495.15,69.4,1491,70.0,85,77.54,218
1496.16,69.4,1492,70.0,85,77.55,218
1497.16,68.43,1493,70.0,85,77.67,218
1498.21,69.4,1494,70.0,85,77.57,218
1499.24,69.4,1495,70.0,85,77.58,218
1500.29,69.4,1496,70.0,85,77.59,218
1501.31,69.4,1497,70.0,85,77.59,218
1502.35,69.4,1498,70.0,85,77.6,218
1503.38,69.4,1499,70.0,85,77.61,218
